{"count":1,"self":22.0167424,"total":99.055831799999993,"children":{"InitializeActuators":{"count":16,"self":0.0020039999999999997,"total":0.0020039999999999997,"children":null},"InitializeSensors":{"count":16,"self":0.0019967,"total":0.0019967,"children":null},"AgentSendState":{"count":21634,"self":0.1585902,"total":0.7899623,"children":{"CollectObservations":{"count":57696,"self":0.077322099999999991,"total":0.077322099999999991,"children":null},"WriteActionMask":{"count":57696,"self":0.0335557,"total":0.0335557,"children":null},"RequestDecision":{"count":57696,"self":0.1510211,"total":0.5204943,"children":{"AgentInfo.ToProto":{"count":57696,"self":0.1245153,"total":0.3694732,"children":{"GenerateSensorData":{"count":57696,"self":0.24495789999999998,"total":0.24495789999999998,"children":null}}}}}}},"DecideAction":{"count":21634,"self":75.502566399999992,"total":75.502563299999991,"children":null},"AgentAct":{"count":21634,"self":0.68206349999999993,"total":0.68206349999999993,"children":null},"AgentInfo.ToProto":{"count":3841,"self":0.0244931,"total":0.0564992,"children":{"GenerateSensorData":{"count":3841,"self":0.032006099999999996,"total":0.032006099999999996,"children":null}}}},"gauges":{"AgentMove.CumulativeReward":{"count":3841,"max":10,"min":-5,"runningAverage":9.882846,"value":10,"weightedAverage":9.999998}},"metadata":{"timer_format_version":"0.1.0","start_time_seconds":"1724561117","unity_version":"2022.3.13f1","command_line_arguments":"C:\\Program Files\\Unity\\Hub\\Editor\\2022.3.13f1\\Editor\\Unity.exe -projectpath D:\\AI_ML_Agents -useHub -hubIPC -cloudEnvironment production -licensingIpc LicenseClient-drf -hubSessionId 848a2be0-6278-11ef-90b6-2f4b74617230 -accessToken wUrd_Jdi4QGR7o94fQLmeZ64yIvfW-ASZf6N_Fx1H9E004f","communication_protocol_version":"1.5.0","com.unity.ml-agents_version":"2.0.1","scene_name":"Trainer","end_time_seconds":"1724561216"}}